38.156827464659166,27.286038636764594,0.04581080212959516,0.4735623957777735,0.377,0.325,0.28800000000000003,0.22599999999999998,0.215,0.204,0.138,0.137,0.137,0.062,0.062,0.062,0.060000000000000005,0.060000000000000005,0.060000000000000005,0.0,0.0,0.0,0.0,0.0,0.0,0.0,0.0,0.0
49.63824650835943,26.561077665301227,0.19794450355180995,3.6029083624035376,0.181,0.181,0.181,0.132,0.132,0.132,0.07100000000000001,0.07100000000000001,0.07100000000000001,0.009999999999999998,0.009999999999999998,0.009999999999999998,0.008,0.008,0.008,0.0,0.0,0.0,0.0,0.0,0.0,0.0,0.0,0.0
38.12715811547892,57.961496361639995,0.07070151175642929,9.732739790389127,0.13,0.13,0.13,0.073,0.073,0.073,0.01,0.01,0.01,0.0,0.0,0.0,0.0,0.0,0.0,0.0,0.0,0.0,0.0,0.0,0.0,0.0,0.0,0.0
41.947759286774996,19.00660569558183,0.12351658464258486,1.225522657611804,0.09,0.09,0.09,0.057,0.057,0.057,0.019,0.019,0.019,0.0,0.0,0.0,0.0,0.0,0.0,0.0,0.0,0.0,0.0,0.0,0.0,0.0,0.0,0.0
49.25877060408189,55.52055709278417,0.11064979690589759,5.286175748289553,0.601,0.601,0.601,0.513,0.513,0.513,0.394,0.394,0.394,0.243,0.243,0.243,0.197,0.197,0.197,0.0,0.0,0.0,0.0,0.0,0.0,0.0,0.0,0.0
42.688895720306114,43.259142592761535,0.08761221815004307,4.320601990742858,0.315,0.315,0.315,0.253,0.253,0.253,0.16999999999999998,0.16999999999999998,0.16999999999999998,0.07,0.07,0.07,0.05,0.05,0.05,0.0,0.0,0.0,0.0,0.0,0.0,0.0,0.0,0.0
47.81124155208239,19.455088600507995,0.216951974237158,1.7918863652678363,0.093,0.093,0.093,0.059000000000000004,0.059000000000000004,0.059000000000000004,0.019,0.019,0.019,0.0,0.0,0.0,0.0,0.0,0.0,0.0,0.0,0.0,0.0,0.0,0.0,0.0,0.0,0.0
37.16466347888057,46.094070398241726,0.19535075296436266,5.396299374480549,0.123,0.123,0.123,0.064,0.064,0.064,0.003,0.003,0.003,0.0,0.0,0.0,0.0,0.0,0.0,0.0,0.0,0.0,0.0,0.0,0.0,0.0,0.0,0.0
50.42250783380746,16.094321511494204,0.08770474560683673,0.17511738372079422,0.214,0.214,0.214,0.16999999999999998,0.16999999999999998,0.16999999999999998,0.12100000000000001,0.12100000000000001,0.12100000000000001,0.065,0.065,0.065,0.075,0.075,0.075,0.0,0.0,0.0,0.0,0.0,0.0,0.0,0.0,0.0
33.980402328630866,45.45286185536489,0.16778357841346236,9.00538231945292,0.0,0.0,0.0,0.0,0.0,0.0,0.0,0.0,0.0,0.0,0.0,0.0,0.0,0.0,0.0,0.0,0.0,0.0,0.0,0.0,0.0,0.0,0.0,0.0
52.69817530056204,56.433492791977336,0.1733478934384666,9.78590772536646,0.47100000000000003,0.47100000000000003,0.47100000000000003,0.382,0.382,0.382,0.267,0.267,0.267,0.13,0.13,0.13,0.086,0.086,0.086,0.0,0.0,0.0,0.0,0.0,0.0,0.0,0.0,0.0
40.162051116312185,39.32622496584385,0.0898379137192663,2.0739308675412693,0.314,0.314,0.314,0.253,0.253,0.253,0.173,0.173,0.173,0.078,0.078,0.078,0.06,0.06,0.06,0.0,0.0,0.0,0.0,0.0,0.0,0.0,0.0,0.0
40.00715515935027,40.97110697569022,0.056310001419707316,9.563230627371016,0.044,0.044,0.044,0.01,0.01,0.01,0.0,0.0,0.0,0.0,0.0,0.0,0.0,0.0,0.0,0.0,0.0,0.0,0.0,0.0,0.0,0.0,0.0,0.0
50.96267845947485,31.810732653932842,0.23541328779465134,0.9456609256975623,0.391,0.391,0.391,0.325,0.325,0.325,0.24,0.24,0.24,0.14200000000000002,0.14200000000000002,0.14200000000000002,0.122,0.122,0.122,0.0,0.0,0.0,0.0,0.0,0.0,0.0,0.0,0.0
38.25096747725809,56.12590582790707,0.19190212642742574,2.0786885405086064,0.391,0.391,0.391,0.303,0.303,0.303,0.185,0.185,0.185,0.052,0.052,0.052,0.015,0.015,0.015,0.0,0.0,0.0,0.0,0.0,0.0,0.0,0.0,0.0
52.39307213239268,16.505127394136032,0.010342576522901156,7.442991998760976,0.026000000000000002,0.026000000000000002,0.026000000000000002,0.01,0.01,0.01,0.0,0.0,0.0,0.0,0.0,0.0,0.0,0.0,0.0,0.0,0.0,0.0,0.0,0.0,0.0,0.0,0.0,0.0
48.97728388554739,37.96030674817766,0.1946150119279449,8.489225796005833,0.15000000000000002,0.15000000000000002,0.15000000000000002,0.097,0.097,0.097,0.036,0.036,0.036,0.0,0.0,0.0,0.0,0.0,0.0,0.0,0.0,0.0,0.0,0.0,0.0,0.0,0.0,0.0
51.68375911585139,47.43862509458875,0.205392990228613,7.959347560967522,0.369,0.369,0.369,0.292,0.292,0.292,0.193,0.193,0.193,0.081,0.081,0.081,0.051000000000000004,0.051000000000000004,0.051000000000000004,0.0,0.0,0.0,0.0,0.0,0.0,0.0,0.0,0.0
51.62778491401598,16.561558382013402,0.21698043315653964,9.510241474347849,0.0,0.0,0.0,0.0,0.0,0.0,0.0,0.0,0.0,0.0,0.0,0.0,0.0,0.0,0.0,0.0,0.0,0.0,0.0,0.0,0.0,0.0,0.0,0.0
38.70281835521305,28.1290964340536,0.20765658923713534,1.8060857646819573,0.11,0.11,0.11,0.066,0.066,0.066,0.015,0.015,0.015,0.0,0.0,0.0,0.0,0.0,0.0,0.0,0.0,0.0,0.0,0.0,0.0,0.0,0.0,0.0
40.27929226943171,45.86330454267001,0.07856909813111629,6.6474494530553665,0.189,0.189,0.189,0.129,0.129,0.129,0.054,0.054,0.054,0.0,0.0,0.0,0.0,0.0,0.0,0.0,0.0,0.0,0.0,0.0,0.0,0.0,0.0,0.0
31.671328512317313,26.0258576388203,0.10861092661894738,4.307435074962198,0.0,0.0,0.0,0.0,0.0,0.0,0.0,0.0,0.0,0.0,0.0,0.0,0.0,0.0,0.0,0.0,0.0,0.0,0.0,0.0,0.0,0.0,0.0,0.0
35.265459063302174,16.493576615217144,0.1475413838526191,0.7265509451288177,0.026000000000000002,0.026000000000000002,0.026000000000000002,0.005,0.005,0.005,0.0,0.0,0.0,0.0,0.0,0.0,0.0,0.0,0.0,0.0,0.0,0.0,0.0,0.0,0.0,0.0,0.0,0.0
53.10307314530773,32.49993742466532,0.18182857202313824,1.930973639009731,0.432,0.432,0.432,0.367,0.367,0.367,0.284,0.284,0.284,0.186,0.186,0.186,0.167,0.167,0.167,0.007,0.007,0.007,0.006,0.006,0.006,0.006,0.006,0.006
30.3409332105947,41.66421164422118,0.22311541700252865,8.17946339456155,0.0,0.0,0.0,0.0,0.0,0.0,0.0,0.0,0.0,0.0,0.0,0.0,0.0,0.0,0.0,0.0,0.0,0.0,0.0,0.0,0.0,0.0,0.0,0.0
35.47631413123621,35.37910901931523,0.023136481015854367,7.688327273469292,0.01,0.01,0.01,0.0,0.0,0.0,0.0,0.0,0.0,0.0,0.0,0.0,0.0,0.0,0.0,0.0,0.0,0.0,0.0,0.0,0.0,0.0,0.0,0.0
35.83413250946715,39.59412323215672,0.11827483569463407,4.641016108667303,0.1,0.1,0.1,0.052000000000000005,0.052000000000000005,0.052000000000000005,0.003,0.003,0.003,0.0,0.0,0.0,0.0,0.0,0.0,0.0,0.0,0.0,0.0,0.0,0.0,0.0,0.0,0.0
37.46039722619872,26.979905968727635,0.055556164220341986,0.5043770779932366,0.226,0.226,0.226,0.176,0.176,0.176,0.11399999999999999,0.11399999999999999,0.11399999999999999,0.040999999999999995,0.040999999999999995,0.040999999999999995,0.038,0.038,0.038,0.0,0.0,0.0,0.0,0.0,0.0,0.0,0.0,0.0
50.92352276009471,41.95295095886921,0.2207424257176213,6.4697035909345875,0.324,0.324,0.324,0.254,0.254,0.254,0.16499999999999998,0.16499999999999998,0.16499999999999998,0.065,0.065,0.065,0.042,0.042,0.042,0.0,0.0,0.0,0.0,0.0,0.0,0.0,0.0,0.0
31.91248189773181,37.02998570343677,0.05055426312531399,6.076327738367785,0.007,0.007,0.007,0.0,0.0,0.0,0.0,0.0,0.0,0.0,0.0,0.0,0.0,0.0,0.0,0.0,0.0,0.0,0.0,0.0,0.0,0.0,0.0,0.0
38.444035864045084,56.00421187557383,0.12036365068588414,2.7270352655391648,0.40099999999999997,0.40099999999999997,0.40099999999999997,0.317,0.317,0.317,0.203,0.203,0.203,0.068,0.068,0.068,0.033,0.033,0.033,0.0,0.0,0.0,0.0,0.0,0.0,0.0,0.0,0.0
44.15339224964993,52.746697270618505,0.15957441994914043,1.4296822634980688,0.5640000000000001,0.5640000000000001,0.5640000000000001,0.475,0.475,0.475,0.358,0.358,0.358,0.213,0.213,0.213,0.165,0.165,0.165,0.0,0.0,0.0,0.0,0.0,0.0,0.0,0.0,0.0
53.63370867184862,29.092565543273906,0.16837817455724732,0.653688867593688,0.439,0.439,0.439,0.379,0.379,0.379,0.30200000000000005,0.30200000000000005,0.30200000000000005,0.21000000000000002,0.21000000000000002,0.21000000000000002,0.198,0.198,0.198,0.027,0.027,0.027,0.026000000000000002,0.026000000000000002,0.026000000000000002,0.026000000000000002,0.026000000000000002,0.026000000000000002
36.6339672945334,45.41878838872151,0.24882883881045553,9.169492753857858,0.0,0.0,0.0,0.0,0.0,0.0,0.0,0.0,0.0,0.0,0.0,0.0,0.0,0.0,0.0,0.0,0.0,0.0,0.0,0.0,0.0,0.0,0.0,0.0
36.43899377528396,18.548379966734302,0.16238442817674262,3.2769704714919747,0.0,0.0,0.0,0.0,0.0,0.0,0.0,0.0,0.0,0.0,0.0,0.0,0.0,0.0,0.0,0.0,0.0,0.0,0.0,0.0,0.0,0.0,0.0,0.0
44.500752594227045,47.263678970292055,0.17862311093664168,1.826041236355579,0.47600000000000003,0.47600000000000003,0.47600000000000003,0.395,0.395,0.395,0.288,0.288,0.288,0.158,0.158,0.158,0.122,0.122,0.122,0.0,0.0,0.0,0.0,0.0,0.0,0.0,0.0,0.0
44.12435922964991,36.096063623125744,0.15109644272201075,4.361201560799735,0.216,0.216,0.216,0.158,0.158,0.158,0.08499999999999999,0.08499999999999999,0.08499999999999999,0.01,0.01,0.01,0.0,0.0,0.0,0.0,0.0,0.0,0.0,0.0,0.0,0.0,0.0,0.0
30.465321524409145,35.21516408682802,0.2005160500426263,6.631765473228226,0.0,0.0,0.0,0.0,0.0,0.0,0.0,0.0,0.0,0.0,0.0,0.0,0.0,0.0,0.0,0.0,0.0,0.0,0.0,0.0,0.0,0.0,0.0,0.0
43.161586921243305,39.31593165945891,0.19208096591737983,1.4130315357571244,0.347,0.347,0.347,0.28,0.28,0.28,0.192,0.192,0.192,0.091,0.091,0.091,0.069,0.069,0.069,0.0,0.0,0.0,0.0,0.0,0.0,0.0,0.0,0.0
50.53941578342342,56.08546407792321,0.2282061037985183,3.766303814364073,0.6559999999999999,0.6559999999999999,0.6559999999999999,0.558,0.558,0.558,0.42800000000000005,0.42800000000000005,0.42800000000000005,0.268,0.268,0.268,0.215,0.215,0.215,0.0,0.0,0.0,0.0,0.0,0.0,0.0,0.0,0.0
52.898920981579906,29.18611024694377,0.18636876234548116,1.554973582756688,0.373,0.373,0.373,0.316,0.316,0.316,0.241,0.241,0.241,0.15400000000000003,0.15400000000000003,0.15400000000000003,0.144,0.144,0.144,0.0,0.0,0.0,0.0,0.0,0.0,0.0,0.0,0.0
39.50105475571934,19.490146249242578,0.06990892622681089,6.247481481861978,0.0,0.0,0.0,0.0,0.0,0.0,0.0,0.0,0.0,0.0,0.0,0.0,0.0,0.0,0.0,0.0,0.0,0.0,0.0,0.0,0.0,0.0,0.0,0.0
50.64715477961886,17.893155754702573,0.21425414040934715,4.8361745821922595,0.018000000000000002,0.018000000000000002,0.018000000000000002,0.002,0.002,0.002,0.0,0.0,0.0,0.0,0.0,0.0,0.0,0.0,0.0,0.0,0.0,0.0,0.0,0.0,0.0,0.0,0.0,0.0
35.98662755328059,50.88583963388635,0.05783583456789615,6.858456588454523,0.14100000000000001,0.14100000000000001,0.14100000000000001,0.08299999999999999,0.08299999999999999,0.08299999999999999,0.016,0.016,0.016,0.0,0.0,0.0,0.0,0.0,0.0,0.0,0.0,0.0,0.0,0.0,0.0,0.0,0.0,0.0
36.484020825572365,35.82246982318455,0.02525652548111302,6.2554100865185145,0.07200000000000001,0.07200000000000001,0.07200000000000001,0.035,0.035,0.035,0.0,0.0,0.0,0.0,0.0,0.0,0.0,0.0,0.0,0.0,0.0,0.0,0.0,0.0,0.0,0.0,0.0,0.0
44.621832527872044,37.77045164788646,0.16105069391003282,6.615640411374459,0.14800000000000002,0.14800000000000002,0.14800000000000002,0.096,0.096,0.096,0.035,0.035,0.035,0.0,0.0,0.0,0.0,0.0,0.0,0.0,0.0,0.0,0.0,0.0,0.0,0.0,0.0,0.0
40.45305987663508,30.494549946371855,0.1307956042332973,3.087610969682756,0.14700000000000002,0.14700000000000002,0.14700000000000002,0.099,0.099,0.099,0.04,0.04,0.04,0.0,0.0,0.0,0.0,0.0,0.0,0.0,0.0,0.0,0.0,0.0,0.0,0.0,0.0,0.0
30.513500837264466,59.19752668536003,0.20071572198281334,1.2668658954585754,0.247,0.247,0.247,0.16399999999999998,0.16399999999999998,0.16399999999999998,0.059,0.059,0.059,0.0,0.0,0.0,0.0,0.0,0.0,0.0,0.0,0.0,0.0,0.0,0.0,0.0,0.0,0.0
31.994825579918714,26.715610833143543,0.07525625952486528,7.511956796933647,0.0,0.0,0.0,0.0,0.0,0.0,0.0,0.0,0.0,0.0,0.0,0.0,0.0,0.0,0.0,0.0,0.0,0.0,0.0,0.0,0.0,0.0,0.0,0.0
41.48388013918864,57.14538753455472,0.17408894498940777,3.754080384989882,0.422,0.422,0.422,0.33399999999999996,0.33399999999999996,0.33399999999999996,0.217,0.217,0.217,0.08,0.08,0.08,0.035,0.035,0.035,0.0,0.0,0.0,0.0,0.0,0.0,0.0,0.0,0.0
39.09416878119773,52.10739687624832,0.11317478807412126,4.50011126200243,0.299,0.299,0.299,0.22599999999999998,0.22599999999999998,0.22599999999999998,0.13,0.13,0.13,0.023,0.023,0.023,0.0,0.0,0.0,0.0,0.0,0.0,0.0,0.0,0.0,0.0,0.0,0.0
50.29622776801419,36.359424281555164,0.17239946518611796,0.26655482275299236,0.533,0.533,0.533,0.45699999999999996,0.45699999999999996,0.45699999999999996,0.36,0.36,0.36,0.243,0.243,0.243,0.214,0.214,0.214,0.015,0.015,0.015,0.014,0.014,0.014,0.014,0.014,0.014
50.467609112486294,35.45516029717473,0.24509432728072048,5.638388310999662,0.239,0.239,0.239,0.174,0.174,0.174,0.097,0.097,0.097,0.018,0.018,0.018,0.005,0.005,0.005,0.0,0.0,0.0,0.0,0.0,0.0,0.0,0.0,0.0
30.266850598485657,39.49114114282003,0.2476301975185088,6.2540783248510134,0.0,0.0,0.0,0.0,0.0,0.0,0.0,0.0,0.0,0.0,0.0,0.0,0.0,0.0,0.0,0.0,0.0,0.0,0.0,0.0,0.0,0.0,0.0,0.0
51.03547314952323,57.65161615703646,0.01757831291764319,7.099424253257347,0.682,0.682,0.682,0.6040000000000001,0.6040000000000001,0.6040000000000001,0.49100000000000005,0.49100000000000005,0.49100000000000005,0.342,0.342,0.342,0.30000000000000004,0.30000000000000004,0.30000000000000004,0.05600000000000001,0.05600000000000001,0.05600000000000001,0.05500000000000001,0.05500000000000001,0.05500000000000001,0.054000000000000006,0.054000000000000006,0.054000000000000006
41.34535415433571,19.856112226739466,0.13302004841669263,5.515242793689308,0.0,0.0,0.0,0.0,0.0,0.0,0.0,0.0,0.0,0.0,0.0,0.0,0.0,0.0,0.0,0.0,0.0,0.0,0.0,0.0,0.0,0.0,0.0,0.0
53.17614755976348,53.08718276893124,0.12800360610470962,5.3085125993419595,0.674,0.674,0.674,0.588,0.588,0.588,0.47300000000000003,0.47300000000000003,0.47300000000000003,0.32899999999999996,0.32899999999999996,0.32899999999999996,0.28500000000000003,0.28500000000000003,0.28500000000000003,0.026,0.026,0.026,0.025,0.025,0.025,0.025,0.025,0.025
54.86778179369539,16.862678814671867,0.0773839511102197,9.315833974716796,0.0,0.0,0.0,0.0,0.0,0.0,0.0,0.0,0.0,0.0,0.0,0.0,0.0,0.0,0.0,0.0,0.0,0.0,0.0,0.0,0.0,0.0,0.0,0.0
33.669825724413705,43.556893395859134,0.17776373845895493,4.4883051862717185,0.079,0.079,0.079,0.03,0.03,0.03,0.0,0.0,0.0,0.0,0.0,0.0,0.0,0.0,0.0,0.0,0.0,0.0,0.0,0.0,0.0,0.0,0.0,0.0
41.71491334914984,42.601441166236455,0.175382896083094,3.0647909981094434,0.291,0.291,0.291,0.22399999999999998,0.22399999999999998,0.22399999999999998,0.138,0.138,0.138,0.039,0.039,0.039,0.018000000000000002,0.018000000000000002,0.018000000000000002,0.0,0.0,0.0,0.0,0.0,0.0,0.0,0.0,0.0
47.47905251605269,26.883269484268887,0.04417216032354244,2.341773120311771,0.313,0.313,0.313,0.267,0.267,0.267,0.202,0.202,0.202,0.126,0.126,0.126,0.126,0.126,0.126,0.002,0.002,0.002,0.001,0.001,0.001,0.001,0.001,0.001
42.834764438378706,44.25929240717933,0.214290484412506,1.446658967726675,0.39,0.39,0.39,0.315,0.315,0.315,0.218,0.218,0.218,0.105,0.105,0.105,0.074,0.074,0.074,0.0,0.0,0.0,0.0,0.0,0.0,0.0,0.0,0.0
35.91468036095441,21.096600317307807,0.06409371650597412,5.737059415747019,0.0,0.0,0.0,0.0,0.0,0.0,0.0,0.0,0.0,0.0,0.0,0.0,0.0,0.0,0.0,0.0,0.0,0.0,0.0,0.0,0.0,0.0,0.0,0.0
49.535263356845356,21.53212822601455,0.11064359582013018,1.2714450789161935,0.235,0.235,0.235,0.193,0.193,0.193,0.136,0.136,0.136,0.072,0.072,0.072,0.07500000000000001,0.07500000000000001,0.07500000000000001,0.0,0.0,0.0,0.0,0.0,0.0,0.0,0.0,0.0
50.51298726834954,20.44344211214559,0.0542491933605293,0.8157153206389833,0.305,0.305,0.305,0.26,0.26,0.26,0.203,0.203,0.203,0.134,0.134,0.134,0.135,0.135,0.135,0.016,0.016,0.016,0.015,0.015,0.015,0.015,0.015,0.015
39.032935225819664,58.612670147182506,0.11323138695325445,7.55538701177333,0.22199999999999998,0.22199999999999998,0.22199999999999998,0.15000000000000002,0.15000000000000002,0.15000000000000002,0.061,0.061,0.061,0.0,0.0,0.0,0.0,0.0,0.0,0.0,0.0,0.0,0.0,0.0,0.0,0.0,0.0,0.0
41.79456209877219,42.00067101820383,0.0741548158033751,5.68075590581531,0.226,0.226,0.226,0.16899999999999998,0.16899999999999998,0.16899999999999998,0.094,0.094,0.094,0.014,0.014,0.014,0.0,0.0,0.0,0.0,0.0,0.0,0.0,0.0,0.0,0.0,0.0,0.0
51.634162226317265,20.460738228306575,0.20588505890846698,7.877234818445204,0.0,0.0,0.0,0.0,0.0,0.0,0.0,0.0,0.0,0.0,0.0,0.0,0.0,0.0,0.0,0.0,0.0,0.0,0.0,0.0,0.0,0.0,0.0,0.0
38.91273957011743,50.969820873968935,0.07414743084490506,4.914314532770807,0.28800000000000003,0.28800000000000003,0.28800000000000003,0.21900000000000003,0.21900000000000003,0.21900000000000003,0.125,0.125,0.125,0.019,0.019,0.019,0.001,0.001,0.001,0.0,0.0,0.0,0.0,0.0,0.0,0.0,0.0,0.0
53.00611159484686,32.532137903710414,0.04675429640058228,8.441451190032423,0.23700000000000002,0.23700000000000002,0.23700000000000002,0.192,0.192,0.192,0.132,0.132,0.132,0.061,0.061,0.061,0.062,0.062,0.062,0.0,0.0,0.0,0.0,0.0,0.0,0.0,0.0,0.0
49.43548775833246,34.91319038575506,0.24127399384311482,7.974089076748912,0.119,0.119,0.119,0.07100000000000001,0.07100000000000001,0.07100000000000001,0.018000000000000002,0.018000000000000002,0.018000000000000002,0.0,0.0,0.0,0.0,0.0,0.0,0.0,0.0,0.0,0.0,0.0,0.0,0.0,0.0,0.0
43.89108521234717,59.54497867084296,0.1746033286085381,4.302826596324482,0.494,0.494,0.494,0.404,0.404,0.404,0.28400000000000003,0.28400000000000003,0.28400000000000003,0.138,0.138,0.138,0.091,0.091,0.091,0.0,0.0,0.0,0.0,0.0,0.0,0.0,0.0,0.0
42.48649802374452,30.708143745222003,0.24525669019504848,2.073114692955559,0.174,0.174,0.174,0.12,0.12,0.12,0.055,0.055,0.055,0.0,0.0,0.0,0.0,0.0,0.0,0.0,0.0,0.0,0.0,0.0,0.0,0.0,0.0,0.0
30.859332498883752,25.172927780822697,0.08489961103603366,8.291083582201303,0.0,0.0,0.0,0.0,0.0,0.0,0.0,0.0,0.0,0.0,0.0,0.0,0.0,0.0,0.0,0.0,0.0,0.0,0.0,0.0,0.0,0.0,0.0,0.0
38.86845269251385,18.9408573065207,0.03276497887714142,5.864954617651108,0.0,0.0,0.0,0.0,0.0,0.0,0.0,0.0,0.0,0.0,0.0,0.0,0.0,0.0,0.0,0.0,0.0,0.0,0.0,0.0,0.0,0.0,0.0,0.0
39.014217365703786,34.92930717417018,0.23361685665308074,5.349766399039158,0.051000000000000004,0.051000000000000004,0.051000000000000004,0.012,0.012,0.012,0.0,0.0,0.0,0.0,0.0,0.0,0.0,0.0,0.0,0.0,0.0,0.0,0.0,0.0,0.0,0.0,0.0,0.0
46.54806774278488,40.918535125402876,0.0603407346216542,6.760838526747344,0.28500000000000003,0.28500000000000003,0.28500000000000003,0.22699999999999998,0.22699999999999998,0.22699999999999998,0.15000000000000002,0.15000000000000002,0.15000000000000002,0.056,0.056,0.056,0.040999999999999995,0.040999999999999995,0.040999999999999995,0.0,0.0,0.0,0.0,0.0,0.0,0.0,0.0,0.0
31.256846763940946,40.75981033300502,0.11498407776079755,0.9455339132643892,0.185,0.185,0.185,0.124,0.124,0.124,0.047,0.047,0.047,0.0,0.0,0.0,0.0,0.0,0.0,0.0,0.0,0.0,0.0,0.0,0.0,0.0,0.0,0.0
39.41712279137435,36.03234408593324,0.23509834305740754,3.2723603028147794,0.14,0.14,0.14,0.08499999999999999,0.08499999999999999,0.08499999999999999,0.02,0.02,0.02,0.0,0.0,0.0,0.0,0.0,0.0,0.0,0.0,0.0,0.0,0.0,0.0,0.0,0.0,0.0
36.961311614038266,16.17542358674383,0.2298444981575604,0.8707079576444099,0.013000000000000001,0.013000000000000001,0.013000000000000001,0.001,0.001,0.001,0.0,0.0,0.0,0.0,0.0,0.0,0.0,0.0,0.0,0.0,0.0,0.0,0.0,0.0,0.0,0.0,0.0,0.0
33.658009516129724,47.92485234551264,0.17087451879199558,7.9488065855626004,0.008,0.008,0.008,0.0,0.0,0.0,0.0,0.0,0.0,0.0,0.0,0.0,0.0,0.0,0.0,0.0,0.0,0.0,0.0,0.0,0.0,0.0,0.0,0.0
41.01915653656305,45.35622382597761,0.14965939931166955,5.650554256197884,0.20500000000000002,0.20500000000000002,0.20500000000000002,0.139,0.139,0.139,0.058,0.058,0.058,0.0,0.0,0.0,0.0,0.0,0.0,0.0,0.0,0.0,0.0,0.0,0.0,0.0,0.0,0.0
47.67893420790725,31.54293374102439,0.13678410847686862,2.090405150937854,0.32899999999999996,0.32899999999999996,0.32899999999999996,0.27,0.27,0.27,0.195,0.195,0.195,0.108,0.108,0.108,0.095,0.095,0.095,0.0,0.0,0.0,0.0,0.0,0.0,0.0,0.0,0.0
35.72936073062577,40.90595426709377,0.10259385815758554,4.74301580111637,0.11399999999999999,0.11399999999999999,0.11399999999999999,0.063,0.063,0.063,0.006,0.006,0.006,0.0,0.0,0.0,0.0,0.0,0.0,0.0,0.0,0.0,0.0,0.0,0.0,0.0,0.0,0.0
37.17351839606402,22.890274751405855,0.18151489032675588,7.4806642346256265,0.0,0.0,0.0,0.0,0.0,0.0,0.0,0.0,0.0,0.0,0.0,0.0,0.0,0.0,0.0,0.0,0.0,0.0,0.0,0.0,0.0,0.0,0.0,0.0
50.84772156490561,48.30225416176641,0.18957089599807456,9.341284209022284,0.305,0.305,0.305,0.23299999999999998,0.23299999999999998,0.23299999999999998,0.14100000000000001,0.14100000000000001,0.14100000000000001,0.043000000000000003,0.043000000000000003,0.043000000000000003,0.019,0.019,0.019,0.0,0.0,0.0,0.0,0.0,0.0,0.0,0.0,0.0
30.314315560665154,39.12011803132178,0.23119882944532374,4.997936507681768,0.0,0.0,0.0,0.0,0.0,0.0,0.0,0.0,0.0,0.0,0.0,0.0,0.0,0.0,0.0,0.0,0.0,0.0,0.0,0.0,0.0,0.0,0.0,0.0
35.35247268409788,51.295272507734886,0.09518613433805018,2.229610811264653,0.312,0.312,0.312,0.238,0.238,0.238,0.138,0.138,0.138,0.027,0.027,0.027,0.009000000000000001,0.009000000000000001,0.009000000000000001,0.0,0.0,0.0,0.0,0.0,0.0,0.0,0.0,0.0
36.39579242805395,22.415540491168848,0.1260052400678718,7.6325943231303395,0.0,0.0,0.0,0.0,0.0,0.0,0.0,0.0,0.0,0.0,0.0,0.0,0.0,0.0,0.0,0.0,0.0,0.0,0.0,0.0,0.0,0.0,0.0,0.0
53.142417997809474,46.204465971515326,0.24357179819642946,2.0013219162563978,0.651,0.651,0.651,0.5609999999999999,0.5609999999999999,0.5609999999999999,0.442,0.442,0.442,0.3,0.3,0.3,0.257,0.257,0.257,0.013,0.013,0.013,0.012,0.012,0.012,0.012,0.012,0.012
31.860995134619124,20.27753244350694,0.10170989160538088,2.589104793538487,0.0,0.0,0.0,0.0,0.0,0.0,0.0,0.0,0.0,0.0,0.0,0.0,0.0,0.0,0.0,0.0,0.0,0.0,0.0,0.0,0.0,0.0,0.0,0.0
33.438484614404985,33.208201796964815,0.2336626495746952,8.881733481137141,0.0,0.0,0.0,0.0,0.0,0.0,0.0,0.0,0.0,0.0,0.0,0.0,0.0,0.0,0.0,0.0,0.0,0.0,0.0,0.0,0.0,0.0,0.0,0.0
41.58144630146127,56.529959463603504,0.041621664481586225,1.4558062069611144,0.611,0.611,0.611,0.526,0.526,0.526,0.404,0.404,0.404,0.254,0.254,0.254,0.20600000000000002,0.20600000000000002,0.20600000000000002,0.034999999999999996,0.034999999999999996,0.034999999999999996,0.033999999999999996,0.033999999999999996,0.033999999999999996,0.033999999999999996,0.033999999999999996,0.033999999999999996
50.53881151352438,42.826684972909746,0.2423090078993815,9.858739974144687,0.181,0.181,0.181,0.119,0.119,0.119,0.049,0.049,0.049,0.0,0.0,0.0,0.0,0.0,0.0,0.0,0.0,0.0,0.0,0.0,0.0,0.0,0.0,0.0
52.14369785461054,24.018694365501812,0.22625387211936523,1.0758451417279502,0.252,0.252,0.252,0.20299999999999999,0.20299999999999999,0.20299999999999999,0.14100000000000001,0.14100000000000001,0.14100000000000001,0.07200000000000001,0.07200000000000001,0.07200000000000001,0.07100000000000001,0.07100000000000001,0.07100000000000001,0.0,0.0,0.0,0.0,0.0,0.0,0.0,0.0,0.0
43.81885366753058,26.19360976087959,0.02262259595657831,5.114243624133027,0.137,0.137,0.137,0.1,0.1,0.1,0.051000000000000004,0.051000000000000004,0.051000000000000004,0.0,0.0,0.0,0.005,0.005,0.005,0.0,0.0,0.0,0.0,0.0,0.0,0.0,0.0,0.0
46.27087121309266,58.27513105983915,0.17406160222192713,4.646441274961565,0.536,0.536,0.536,0.44599999999999995,0.44599999999999995,0.44599999999999995,0.325,0.325,0.325,0.17500000000000002,0.17500000000000002,0.17500000000000002,0.127,0.127,0.127,0.0,0.0,0.0,0.0,0.0,0.0,0.0,0.0,0.0
51.0062945490141,57.895132787000996,0.06229543008125196,0.5751604778486219,0.955,0.955,0.955,0.8530000000000001,0.8530000000000001,0.8530000000000001,0.7160000000000001,0.7160000000000001,0.7160000000000001,0.541,0.541,0.541,0.4750000000000001,0.4750000000000001,0.4750000000000001,0.144,0.144,0.144,0.143,0.143,0.143,0.143,0.143,0.143
35.117886776456224,30.199078182375096,0.2257561409427439,4.443266505463232,0.007,0.007,0.007,0.0,0.0,0.0,0.0,0.0,0.0,0.0,0.0,0.0,0.0,0.0,0.0,0.0,0.0,0.0,0.0,0.0,0.0,0.0,0.0,0.0
47.089438683141566,28.560053572795937,0.1428259499661437,2.6454846437056236,0.23700000000000002,0.23700000000000002,0.23700000000000002,0.187,0.187,0.187,0.122,0.122,0.122,0.051000000000000004,0.051000000000000004,0.051000000000000004,0.046,0.046,0.046,0.0,0.0,0.0,0.0,0.0,0.0,0.0,0.0,0.0
